{"0.000000":{"Sun":{"pos":{"x":0.000000,"y":0.000000,"z":-0.000000},"vel":{"x":0.000000,"y":0.000000,"z":-0.000000},"mass":1988499999999999972408794546176.000000},"Mercury":{"pos":{"x":40166553.010680,"y":-47417067.929981,"z":-7606990.262656},"vel":{"x":26.895873,"y":34.502592,"z":0.354289},"mass":330199999999999993708544.000000},"Venus":{"pos":{"x":-64403344.382155,"y":86418768.282992,"z":4869778.711569},"vel":{"x":-28.426885,"y":-20.813015,"z":1.354986},"mass":4868499999999999835373568.000000},"Earth":{"pos":{"x":67859957.088430,"y":130143278.658753,"z":23959.727539},"vel":{"x":-26.799793,"y":13.797800,"z":-0.001817},"mass":5972190000000000390594560.000000},"Mars":{"pos":{"x":-119762989.662408,"y":-195957347.675602,"z":-1158939.542982},"vel":{"x":21.639125,"y":-10.497921,"z":-0.750404},"mass":641710000000000034078720.000000},"Jupiter":{"pos":{"x":550784150.533491,"y":499306961.161344,"z":-14394059.654868},"vel":{"x":-8.921017,"y":10.299169,"z":0.156862},"mass":1898187220000000029480714240.000000},},
"1.000000":{"Sun":{"pos":{"x":0.614153,"y":0.700600,"z":-0.014394},"vel":{"x":0.000014,"y":0.000016,"z":-0.000000},"mass":1988499999999999972408794546176.000000},"Mercury":{"pos":{"x":42406687.107112,"y":-44341194.162700,"z":-7560856.417461},"vel":{"x":24.928857,"y":36.687602,"z":0.715543},"mass":330199999999999993708544.000000},"Venus":{"pos":{"x":-66833707.395192,"y":84586682.970304,"z":4984913.784180},"vel":{"x":-27.827908,"y":-21.593466,"z":1.310009},"mass":4868499999999999835373568.000000},"Earth":{"pos":{"x":65533944.358487,"y":131314955.891679,"z":23798.953587},"vel":{"x":-27.041699,"y":13.323628,"z":-0.001904},"mass":5972190000000000390594560.000000},"Mars":{"pos":{"x":-117888492.430434,"y":-196856334.632846,"z":-1223726.160159},"vel":{"x":21.751768,"y":-10.311739,"z":-0.749275},"mass":641710000000000034078720.000000},"Jupiter":{"pos":{"x":550012711.317677,"y":500196207.399041,"z":-14380489.468066},"vel":{"x":-8.936369,"y":10.285230,"z":0.157263},"mass":1898187220000000029480714240.000000},},
"2.000000":{"Sun":{"pos":{"x":2.452629,"y":2.802566,"z":-0.057522},"vel":{"x":0.000028,"y":0.000032,"z":-0.000001},"mass":1988499999999999972408794546176.000000},"Mercury":{"pos":{"x":44468936.854205,"y":-41079466.537788,"z":-7483018.824540},"vel":{"x":22.777032,"y":38.802544,"z":1.088096},"mass":330199999999999993708544.000000},"Venus":{"pos":{"x":-69211390.819864,"y":82687927.238579,"z":5096119.712202},"vel":{"x":-27.207539,"y":-22.356213,"z":1.264040},"mass":4868499999999999835373568.000000},"Earth":{"pos":{"x":63187393.781579,"y":132445477.588564,"z":23630.664341},"vel":{"x":-27.275193,"y":12.845151,"z":-0.001991},"mass":5972190000000000390594560.000000},"Mars":{"pos":{"x":-116004327.135787,"y":-197739177.631643,"z":-1288412.436933},"vel":{"x":21.862920,"y":-10.124220,"z":-0.748082},"mass":641710000000000034078720.000000},"Jupiter":{"pos":{"x":549239946.708094,"y":501084248.290153,"z":-14366884.627826},"vel":{"x":-8.951697,"y":10.271268,"z":0.157664},"mass":1898187220000000029480714240.000000},},
"3.000000":{"Sun":{"pos":{"x":5.509595,"y":6.306179,"z":-0.129304},"vel":{"x":0.000042,"y":0.000049,"z":-0.000001},"mass":1988499999999999972408794546176.000000},"Mercury":{"pos":{"x":46337039.732077,"y":-37638542.033780,"z":-7372523.639796},"vel":{"x":20.433603,"y":40.833132,"z":1.471399},"mass":330199999999999993708544.000000},"Venus":{"pos":{"x":-71534569.576540,"y":80724056.207044,"z":5203312.450817},"vel":{"x":-26.566318,"y":-23.100668,"z":1.217118},"mass":4868499999999999835373568.000000},"Earth":{"pos":{"x":60821035.485472,"y":133534478.233447,"z":23454.910915},"vel":{"x":-27.500198,"y":12.362518,"z":-0.002077},"mass":5972190000000000390594560.000000},"Mars":{"pos":{"x":-114110623.259607,"y":-198605761.602194,"z":-1352992.790605},"vel":{"x":21.972565,"y":-9.935374,"z":-0.746823},"mass":641710000000000034078720.000000},"Jupiter":{"pos":{"x":548465858.708114,"y":501971081.823573,"z":-14353245.170625},"vel":{"x":-8.967003,"y":10.257282,"z":0.158064},"mass":1898187220000000029480714240.000000},},
"4.000000":{"Sun":{"pos":{"x":9.779409,"y":11.211770,"z":-0.229659},"vel":{"x":0.000056,"y":0.000065,"z":-0.000001},"mass":1988499999999999972408794546176.000000},"Mercury":{"pos":{"x":47994158.455752,"y":-34026399.469927,"z":-7228472.655251},"vel":{"x":17.892103,"y":42.763015,"z":1.864707},"mass":330199999999999993708544.000000},"Venus":{"pos":{"x":-73801466.077750,"y":78696674.943714,"z":5306411.360613},"vel":{"x":-25.904803,"y":-23.826264,"z":1.169282},"mass":4868499999999999835373568.000000},"Earth":{"pos":{"x":58435606.293104,"y":134581605.333031,"z":23271.746818},"vel":{"x":-27.716637,"y":11.875881,"z":-0.002163},"mass":5972190000000000390594560.000000},"Mars":{"pos":{"x":-112207511.782930,"y":-199455972.260773,"z":-1417461.618113},"vel":{"x":22.080686,"y":-9.745210,"z":-0.745500},"mass":641710000000000034078720.000000},"Jupiter":{"pos":{"x":547690449.324250,"y":502856705.991878,"z":-14339571.133029},"vel":{"x":-8.982285,"y":10.243273,"z":0.158464},"mass":1898187220000000029480714240.000000},},
"5.000000":{"Sun":{"pos":{"x":15.256615,"y":17.519762,"z":-0.358501},"vel":{"x":0.000070,"y":0.000081,"z":-0.000002},"mass":1988499999999999972408794546176.000000},"Mercury":{"pos":{"x":49422921.270964,"y":-30252528.030250,"z":-7050042.521151},"vel":{"x":15.146681,"y":44.573543,"z":2.267024},"mass":330199999999999993708544.000000},"Venus":{"pos":{"x":-76010351.579925,"y":76607436.908324,"z":5405339.264377},"vel":{"x":-25.223567,"y":-24.532448,"z":1.120574},"mass":4868499999999999835373568.000000},"Earth":{"pos":{"x":56031849.487785,"y":135586519.546023,"z":23081.227945},"vel":{"x":-27.924436,"y":11.385393,"z":-0.002247},"mass":5972190000000000390594560.000000},"Mars":{"pos":{"x":-110295125.188489,"y":-200289696.130077,"z":-1481813.296417},"vel":{"x":22.187264,"y":-9.553737,"z":-0.744111},"mass":641710000000000034078720.000000},"Jupiter":{"pos":{"x":546913720.566154,"y":503741118.791341,"z":-14325862.551686},"vel":{"x":-8.997544,"y":10.229241,"z":0.158864},"mass":1898187220000000029480714240.000000},},
"6.000000":{"Sun":{"pos":{"x":21.935938,"y":25.230706,"z":-0.515738},"vel":{"x":0.000084,"y":0.000097,"z":-0.000002},"mass":1988499999999999972408794546176.000000},"Mercury":{"pos":{"x":50605490.303516,"y":-26328136.182813,"z":-6836508.234874},"vel":{"x":12.192466,"y":46.243530,"z":2.677060},"mass":330199999999999993708544.000000},"Venus":{"pos":{"x":-78159547.479044,"y":74458042.359920,"z":5500022.500171},"vel":{"x":-24.523198,"y":-25.218688,"z":1.071033},"mass":4868499999999999835373568.000000},"Earth":{"pos":{"x":53610514.575676,"y":136548894.808143,"z":22883.412560},"vel":{"x":-28.123526,"y":10.891209,"z":-0.002332},"mass":5972190000000000390594560.000000},"Mars":{"pos":{"x":-108373597.462252,"y":-201106820.559823,"z":-1546042.182886},"vel":{"x":22.292283,"y":-9.360965,"z":-0.742657},"mass":641710000000000034078720.000000},"Jupiter":{"pos":{"x":546135674.446603,"y":504624318.221932,"z":-14312119.463333},"vel":{"x":-9.012779,"y":10.215186,"z":0.159263},"mass":1898187220000000029480714240.000000},},
"7.000000":{"Sun":{"pos":{"x":29.812264,"y":34.345323,"z":-0.701263},"vel":{"x":0.000098,"y":0.000114,"z":-0.000002},"mass":1988499999999999972408794546176.000000},"Mercury":{"pos":{"x":51523665.632038,"y":-22266380.133750,"z":-6587271.533912},"vel":{"x":9.026034,"y":47.749041,"z":3.093160},"mass":330199999999999993708544.000000},"Venus":{"pos":{"x":-80247426.549399,"y":72250236.731378,"z":5590390.970701},"vel":{"x":-23.804298,"y":-25.884472,"z":1.020702},"mass":4868499999999999835373568.000000},"Earth":{"pos":{"x":51172357.045618,"y":137468418.452755,"z":22678.361274},"vel":{"x":-28.313838,"y":10.393484,"z":-0.002415},"mass":5972190000000000390594560.000000},"Mars":{"pos":{"x":-106443064.094707,"y":-201907233.747554,"z":-1610142.615709},"vel":{"x":22.395725,"y":-9.166904,"z":-0.741138},"mass":641710000000000034078720.000000},"Jupiter":{"pos":{"x":545356312.981496,